country,1990,1991,1992,1993,1994,1995,1996,1997,1998,1999,2000,2001,2002,2003,2004,2005,2006,2007,2008,2009,2010,2011,2012,2013,2014,2015,2016,2017,2018
Afghanistan,3.7,0,0,0,0,0,0,0,0,0,0,0,0,0,0,27.3,27.3,27.7,27.7,27.3,27.7,27.7,27.7,27.7,27.7,27.7,27.7,27.7,27.7
Albania,28.8,0,0,0,0,0,0,0,0,5.2,5.2,5.7,5.7,5.7,6.4,7.1,7.1,7.1,7.1,16.4,16.4,15.7,15.7,17.9,20,20.7,22.9,27.9,27.9
Algeria,2.4,0,0,0,0,0,0,3.2,3.2,3.2,3.4,3.4,6.2,6.2,6.2,6.2,6.2,7.7,7.7,7.7,7.7,8,31.6,31.6,31.6,31.6,31.6,25.8,25.8
Andorra,0,0,0,0,0,0,0,7.1,7.1,7.1,7.1,14.3,14.3,14.3,14.3,28.6,28.6,28.6,25,35.7,35.7,50,50,50,50,39.3,32.1,32.1,32.1
Angola,14.5,0,0,0,0,0,0,9.5,15.5,15.5,15.5,15.5,15.5,15.5,15,15,15,15,37.3,38.6,38.6,38.2,34.1,34.1,36.8,36.8,36.8,38.2,30.5
Antigua and Barbuda,0,0,0,0,0,0,0,5.3,5.3,0,5.3,5.3,5.3,5.3,10.5,10.5,10.5,10.5,10.5,10.5,10.5,10.5,10.5,10.5,11.1,11.1,11.1,11.1,11.1
Argentina,6.3,0,0,0,0,0,0,27.6,27.6,0,26.5,0,30.7,30.7,33.7,36.2,35,40,40,38.5,38.5,37.4,37.4,0,36.6,0,35.8,38.9,38.9
Armenia,35.6,0,0,0,0,0,0,6.3,6.3,3.1,3.1,3.1,3.1,4.6,5.3,5.3,5.3,9.2,8.4,9.2,9.2,8.4,10.7,10.7,10.7,10.7,10.7,18.1,18.1
Australia,6.1,0,0,0,0,0,0,15.5,15.5,22.4,23,0,25.3,25.3,24.7,24.7,24.7,26.7,26.7,27.3,24.7,24.7,24.7,26,26,26.7,28.7,28.7,28.7
Austria,11.5,0,0,0,0,0,0,26.2,26.2,0,26.8,26.8,0,33.9,33.9,33.9,32.2,32.8,27.3,27.9,27.9,27.9,27.9,33.3,32.2,30.6,30.6,30.6,34.4
Azerbaijan,0,0,0,0,0,0,0,12,12,12,0,10.5,10.5,10.5,10.5,13,11.3,11.4,11.4,11.4,16,16,16,16,15.6,16.9,16.8,16.8,16.8
Bahamas,4.1,0,0,0,0,0,0,15,15,15,15,15,0,20,20,20,20,12.2,12.2,12.2,12.2,12.2,13.2,13.2,13.2,13.2,13.2,12.8,12.8
Bahrain,0,0,0,0,0,0,0,0,0,0,0,0,0,0,0,0,2.5,2.5,2.5,2.5,2.5,10,10,10,7.5,7.5,7.5,7.5,7.5
Bangladesh,10.3,0,0,0,0,0,0,9.1,9.1,9.1,9.1,0,2,2,2,14.8,15.1,0,6.3,18.6,18.6,19.7,19.7,19.7,19.8,20,20,20.3,20.3
Barbados,3.7,0,0,0,0,0,0,10.7,10.7,10.7,10.7,10.7,10.7,13.3,13.3,13.3,13.3,13.3,10,10,10,10,10,16.7,16.7,16.7,16.7,16.7,20
Belarus,0,0,0,0,0,0,0,0,0,0,0,10.3,10.3,10.3,29.4,29.1,29.1,29.1,31.8,31.8,31.8,31.8,26.6,26.6,26.6,27.3,34.5,34.5,34.5
Belgium,8.5,0,0,0,0,0,0,12.7,12.7,23.3,23.3,23.3,23.3,35.3,34.7,34.7,34.7,35.3,35.3,38,39.3,38,38,38,39.3,39.3,39.3,38,38
Belize,0,0,0,0,0,0,0,3.4,3.4,6.9,6.9,6.9,6.9,3.3,6.7,6.7,6.7,3.3,0,0,0,0,3.1,3.1,3.1,3.1,3.1,9.4,9.4
Benin,2.9,0,0,0,0,0,0,7.2,7.2,6,6,6,6,6,7.2,7.2,7.2,10.8,10.8,10.8,10.8,8.4,8.4,8.4,8.4,7.2,7.2,7.2,7.2
Bhutan,2,0,0,0,0,0,0,2,2,2,9.3,9.3,9.3,9.3,9.2,9.3,2.7,2.7,8.5,8.5,8.5,8.5,8.5,6.4,8.5,8.5,8.5,8.5,8.5
Bolivia,9.2,0,0,0,0,0,0,0,0,11.5,11.5,11.5,18.5,18.5,19.2,16.9,16.9,16.9,16.9,22.3,25.4,25.4,25.4,25.4,53.1,53.1,53.1,53.1,53.1
Bosnia and Herzegovina,0,0,0,0,0,0,0,0,0,0,0,7.1,0,16.7,16.7,16.7,14.3,11.9,11.9,19,16.7,21.4,21.4,21.4,21.4,21.4,21.4,21.4,21.4
Botswana,5,0,0,0,0,0,0,8.5,8.5,0,17,17,17,17,11.1,11.1,11.1,11.1,11.1,7.9,7.9,7.9,7.9,7.9,9.5,9.5,9.5,9.5,9.5
Brazil,5.3,0,0,0,0,0,0,6.6,6.6,5.7,5.7,6.8,6.2,8.6,8.6,8.6,8.8,9,9,8.8,8.6,8.6,8.6,8.6,9.9,9.9,9.9,10.7,10.7
Brunei,0,0,0,0,0,0,0,0,0,0,0,0,0,0,0,0,0,0,0,0,0,0,0,0,0,0,6.5,9.1,9.1
Bulgaria,21,0,0,0,0,0,0,10.8,10.8,10.8,10.8,26.2,26.2,26.2,26.3,22.1,22.1,21.7,21.7,20.8,20.8,20.8,22.9,24.6,20,20.4,20.4,23.8,23.8
Burkina Faso,0,0,0,0,0,0,0,9,8.1,8.1,8.1,8.1,11.7,11.7,11.7,11.7,11.7,15.3,15.3,15.3,15.3,15.3,15.7,15.7,18.9,9.4,9.4,11,11
Burundi,0,0,0,0,0,0,0,0,11.9,6,14.4,14.4,18.4,18.4,18.4,30.5,30.5,30.5,30.5,31.4,32.1,30.5,30.5,30.5,30.5,36.4,36.4,36.4,36.4
Cambodia,0,0,0,0,0,0,0,5.8,5.8,8.2,7.4,7.4,7.4,9.8,9.8,9.8,9.8,19.5,16.3,21.1,21.1,20.3,20.3,20.3,20.3,20.3,20.3,20.3,20
Cameroon,14.4,0,0,0,0,0,0,5.6,5.6,5.6,5.6,5.6,8.9,8.9,8.9,8.9,8.9,13.9,13.9,13.9,13.9,13.9,13.9,31.1,31.1,31.1,31.1,31.1,31.1
Canada,13.3,0,0,0,0,0,0,20.6,20.6,20.6,0,20.6,20.6,20.6,21.1,21.1,20.8,21.3,22.1,22.1,22.1,24.8,24.7,24.7,25.1,26,26,26.3,27
Cape Verde,12,0,0,0,0,0,0,11.1,11.1,11.1,11.1,11.1,11.1,11.1,11.1,11.1,15.3,18.1,18.1,18.1,18.1,20.8,20.8,20.8,20.8,20.8,23.6,23.6,23.6
Central African Republic,3.8,0,0,0,0,0,0,3.5,3.5,7.3,7.3,7.3,7.3,0,0,10.5,10.5,10.5,10.5,9.6,9.6,12.5,12.5,0,0,0,7.2,8.6,8.6
Chad,0,0,0,0,0,0,0,2.4,2.4,2.4,2.4,2.4,0,5.8,6.5,6.5,6.5,5.2,5.2,5.2,5.2,12.8,14.9,14.9,14.9,14.9,14.9,12.8,15.3
Chile,0,0,0,0,0,0,0,7.5,10.8,10.8,10.8,10.8,12.5,12.5,12.5,15,15,15,15,14.2,14.2,14.2,14.2,14.2,15.8,15.8,15.8,15.8,22.6
China,21.3,0,0,0,0,0,0,0,21.8,21.8,21.8,21.8,21.8,20.2,20.2,20.3,20.3,20.6,21.3,21.3,21.3,21.3,21.3,23.4,23.4,23.6,23.6,24.2,24.9
Colombia,4.5,0,0,0,0,0,0,11.7,0,11.8,11.8,11.8,12,12,12,12.1,8.4,8.4,8.4,8.4,12.7,12.1,12.1,12.1,19.9,19.9,19.9,18.7,18.1
Comoros,0,0,0,0,0,0,0,0,0,0,0,0,0,0,3,3,3,3,3,0,3,3,3,3,3,3,3,6.1,6.1
"Congo, Dem. Rep.",5.4,0,0,0,0,0,0,0,0,0,0,0,0,0,12,12,8.4,8.4,8.4,8.4,8.4,0,8.9,8.9,10.6,8.9,8.9,8.9,8.9
"Congo, Rep.",14.3,0,0,0,0,0,0,0,12,12,12,12,0,8.5,8.5,8.5,8.5,7.3,7.3,7.3,7.3,7.3,7.4,7.4,7.4,7.4,7.4,11.3,11.3
Costa Rica,10.5,0,0,0,0,0,0,15.8,19.3,19.3,19.3,19.3,35.1,35.1,35.1,35.1,38.6,36.8,36.8,36.8,38.6,38.6,38.6,38.6,33.3,33.3,33.3,35.1,45.6
Cote d'Ivoire,5.7,0,0,0,0,0,0,8,8,8,0,8.5,8.5,8.5,8.5,8.5,8.5,8.9,8.9,8.9,8.9,11,10.4,10.4,9.4,9.2,9.2,10.6,10.6
Croatia,0,0,0,0,0,0,0,7.9,7.9,7.9,20.5,20.5,20.5,0,21.7,21.7,21.7,20.9,20.9,23.5,23.5,23.8,23.8,23.8,23.8,15.2,12.6,18.5,18.5
Cuba,33.9,0,0,0,0,0,0,22.8,27.6,27.6,27.6,27.6,27.6,36,36,36,36,36,43.2,43.2,43.2,45.2,45.2,48.9,48.9,48.9,48.9,48.9,53.2
Cyprus,1.8,0,0,0,0,0,0,5.4,5.4,5.4,7.1,10.7,10.7,10.7,16.1,16.1,14.3,14.3,14.3,12.5,12.5,10.7,10.7,10.7,12.5,12.5,17.9,17.9,17.9
Czech Republic,0,0,0,0,0,0,0,15,15,15,15,15,17,17,17,17,15.5,15.5,15.5,15.5,22,22,22,19.5,19.5,20,20,20,22
Denmark,30.7,0,0,0,0,0,0,33,37.4,37.4,37.4,0,38,38,38,36.9,36.9,38,38,38,38,39.1,39.1,39.1,39.1,37.4,37.4,37.4,37.4
Djibouti,0,0,0,0,0,0,0,0,0,0,0,0,0,10.8,10.8,10.8,10.8,13.8,13.8,13.8,13.8,13.8,13.8,12.7,12.7,12.7,12.7,10.8,26.2
Dominica,10,0,0,0,0,0,0,9.4,9.4,9.4,0,18.8,18.8,18.8,19.4,12.9,12.9,16.1,18.8,14.3,12.5,12.5,12.5,12.5,12.9,21.9,21.9,25,25
Dominican Republic,7.5,0,0,0,0,0,0,11.7,16.1,16.1,16.1,16.1,17.3,17.3,17.3,17.3,19.7,19.7,19.7,19.7,20.8,20.8,20.8,20.8,20.8,20.8,26.8,26.8,26.8
Ecuador,4.5,0,0,0,0,0,0,3.7,17.4,17.4,14.6,14.6,0,16,16,16,25,25,25,32.3,32.3,32.3,32.3,38.7,41.6,41.6,41.6,38,38
Egypt,3.9,0,0,0,0,0,0,2,2,2,2,2.4,2.4,2.4,2.9,2,2,1.8,1.8,1.8,12.7,2,2,0,0,0,14.9,14.9,14.9
El Salvador,11.7,0,0,0,0,0,0,15.5,16.7,16.7,9.5,9.5,9.5,10.7,10.7,10.7,16.7,16.7,16.7,19,19,19,26.2,26.2,27.4,32.1,32.1,32.1,31
Equatorial Guinea,13.3,0,0,0,0,0,0,8.8,8.8,5,5,5,5,5,18,18,18,18,6,10,10,10,10,12.1,24,24,24,24,20
Eritrea,0,0,0,0,0,0,0,21,21,14.7,14.7,14.7,22,22,22,22,22,22,22,22,22,22,22,22,22,22,22,22,22
Estonia,0,0,0,0,0,0,0,10.9,10.9,17.8,17.8,17.8,17.8,18.8,18.8,18.8,18.8,20.8,20.8,22.8,22.8,19.8,20.8,20.8,19,23.8,23.8,26.7,26.7
Ethiopia,0,0,0,0,0,0,0,2,2,2,7.7,7.7,7.7,7.7,7.7,21.4,21.9,21.9,21.9,21.9,27.8,27.8,27.8,27.8,27.8,38.8,38.8,38.8,38.8
Fiji,0,0,0,0,0,0,0,4.3,4.3,11.3,0,5.7,5.7,5.7,8.5,8.5,0,0,0,0,0,0,0,0,14,16,16,16,16
Finland,31.5,0,0,0,0,0,0,33.5,33.5,37,36.5,36.5,36.5,37.5,37.5,37.5,38,41.5,41.5,40,40,42.5,42.5,42.5,42.5,41.5,41.5,42,42
France,6.9,0,0,0,0,0,0,10.9,10.9,10.9,10.9,10.9,12.1,12.2,12.2,12.2,12.2,18.2,18.2,18.9,18.9,18.9,26.9,26.9,26.2,26.2,26.2,39,39.6
Gabon,13.3,0,0,0,0,0,0,8.3,8.3,8.3,9.2,9.2,9.2,9.2,9.2,9.2,12.5,16.7,16.7,14.7,14.7,14.2,15.8,15.8,15,14.2,14.2,17.1,17.1
Gambia,7.8,0,0,0,0,0,0,2,2,2,2,2,5.7,13.2,13.2,13.2,13.2,9.4,9.4,7.5,7.5,7.5,7.5,7.5,9.4,9.4,9.4,10.3,10.3
Georgia,0,0,0,0,0,0,0,6.9,6.9,0,7.2,7.2,7.2,7.2,9.4,9.4,9.4,9.4,6,5.1,6.5,6.6,12,12,12,11.3,0,16,16
Germany,0,0,0,0,0,0,0,26.2,26.2,30.9,30.9,31.1,32.2,32.2,32.8,31.8,31.6,31.6,32.2,32.8,32.8,32.9,32.9,36.5,36.5,36.5,36.5,37,30.7
Ghana,0,0,0,0,0,0,0,9,9,9,0,9,9,9,10.9,10.9,10.9,10.9,7.9,8.3,8.3,8.3,0,10.9,10.9,10.9,10.9,12.7,12.7
Greece,6.7,0,0,0,0,0,0,6.3,6.3,6.3,8.7,8.7,8.7,8.7,14,13,13,14.7,14.7,17.3,17.3,18.7,21,21,21,19.7,19.7,18.3,18.7
Grenada,0,0,0,0,0,0,0,20,20,0,26.7,26.7,26.7,26.7,26.7,26.7,26.7,26.7,13.3,13.3,13.3,13.3,13.3,33.3,33.3,33.3,33.3,33.3,46.7
Guatemala,7,0,0,0,0,0,0,12.5,12.5,7.1,8.8,8.8,8.8,8.2,8.2,8.2,8.2,12,12,12,12,13.3,13.3,13.3,13.3,13.9,13.9,12.7,12.7
Guinea,0,0,0,0,0,0,0,7,8.8,8.8,8.8,8.8,0,19.3,19.3,19.3,19.3,19.3,0,0,0,0,0,0,21.9,21.9,21.9,21.9,21.9
Guinea-Bissau,20,0,0,0,0,0,0,10,10,0,7.8,7.8,7.8,0,14,14,14,14,10,10,10,10,14,14,13.7,13.7,13.7,13.7,13.7
Guyana,36.9,0,0,0,0,0,0,0,0,18.5,18.5,18.3,20,20,30.8,30.8,29,29,30,30,30,31.3,31.3,31.3,31.3,30.4,30.4,31.9,31.9
Haiti,0,0,0,0,0,0,0,3.6,3.6,3.6,0,3.6,3.6,3.6,3.6,3.6,2,4.1,4.1,4.1,11.1,4.2,4.2,4.2,4.2,4.2,0,2.5,2.5
Honduras,10.2,0,0,0,0,0,0,0,9.4,9.4,9.4,9.4,5.5,5.5,5.5,23.4,23.4,23.4,23.4,18,18,19.5,19.5,19.5,25.8,25.8,25.8,25.8,21.1
Hungary,20.7,0,0,0,0,0,0,11.4,8.3,8.3,8.3,8.3,9.1,9.8,9.1,9.1,10.4,11.1,11.1,11.1,9.1,8.8,8.8,8.8,10.1,10.1,10.1,10.1,12.6
Iceland,20.6,0,0,0,0,0,0,25.4,25.4,34.9,34.9,34.9,34.9,30.2,30.2,33.3,33.3,33.3,33.3,42.9,42.9,39.7,39.7,39.7,39.7,41.3,47.6,47.6,38.1
India,5,0,0,0,0,0,0,7.2,8.1,8.4,9,8.8,8.8,8.8,8.3,8.3,8.3,9.1,9.1,10.8,10.8,11,11,11,11.4,12,12,11.8,11.8
Indonesia,12.4,0,0,0,0,0,0,11.4,11.4,0,8,8,8,8,11.3,11.3,11.3,11.6,11.6,17.9,18,18.2,18.6,18.6,16.9,17.1,17.1,19.8,19.8
Iran,1.5,0,0,0,0,0,0,4.9,4.9,4.9,3.4,3.4,4.1,4.1,4.1,4.1,4.1,4.1,2.8,2.8,2.8,2.8,3.1,3.1,3.1,3.1,5.9,5.9,5.9
Iraq,10.8,0,0,0,0,0,0,6.4,6.4,6.4,7.6,7.6,7.6,0,0,0,25.5,25.5,25.5,25.5,25.2,25.2,25.2,25.2,25.3,26.5,26.5,25.3,25.5
Ireland,7.8,0,0,0,0,0,0,12,12,12,12,12,13.3,13.3,13.3,13.3,13.3,13.3,13.3,13.9,13.9,15.1,15.1,15.7,15.7,16.3,22.2,22.2,22.2
Israel,6.7,0,0,0,0,0,0,7.5,7.5,11.7,12.5,13.3,14.2,15,15,15,14.2,14.2,14.2,18.3,19.2,20,20,22.5,22.5,26.7,26.7,27.5,27.5
Italy,12.9,0,0,0,0,0,0,11.1,11.1,11.1,11.1,9.8,9.8,11.5,11.5,11.5,17.3,17.3,21.3,21.3,21.3,21.6,21.4,31.4,31.4,31,31,31,35.7
Jamaica,5,0,0,0,0,0,0,11.7,13.6,13.3,13.3,13.3,0,11.7,11.7,11.7,11.7,13.3,13.3,13.3,13.3,12.7,12.7,12.7,12.7,12.7,17.5,17.5,17.5
Japan,1.4,0,0,0,0,0,0,4.6,4.6,4.6,7.3,7.3,7.3,7.1,7.1,9,9.4,9.4,9.4,11.3,11.3,10.8,7.9,8.1,8.1,9.5,9.5,9.3,10.1
Jordan,0,0,0,0,0,0,0,0,0,0,0,1.3,1.3,5.5,5.5,5.5,5.5,6.4,6.4,6.4,10.8,10.8,10.8,12.2,12,12,15.4,15.4,15.4
Kazakhstan,0,0,0,0,0,0,0,13.4,13.4,10.8,10.4,10.4,10.4,10.4,10.4,10.4,10.4,15.9,15.9,17.8,17.8,17.8,24.3,24.3,25.2,26.2,27.1,27.1,27.1
Kenya,1.1,0,0,0,0,0,0,3,3.6,3.6,3.6,3.6,3.6,7.1,7.1,7.1,7.3,7.2,9.8,9.8,9.8,9.8,9.8,18.6,19.1,19.7,19.7,21.8,21.8
Kiribati,0,0,0,0,0,0,0,0,0,4.9,4.9,4.8,4.8,0,4.8,4.8,7.1,4.3,4.3,4.3,4.3,8.7,8.7,8.7,8.7,8.7,6.5,6.5,6.5
Kuwait,0,0,0,0,0,0,0,0,0,0,0,0,0,0,0,1.5,1.5,1.5,3.1,7.7,7.7,7.7,6.2,6.2,1.5,1.5,1.5,3.1,3.1
Kyrgyz Republic,0,0,0,0,0,0,0,1.4,1.4,1.4,2.3,10,10,10,10,0,0,25.6,25.6,25.6,23.3,23.3,23.3,23.3,23.3,19.2,19.2,19.2,19.2
Lao,6.3,0,0,0,0,0,0,0,21.2,21.2,21.2,21.2,22.9,22.9,22.9,22.9,25.2,25.2,25.2,25.2,25.2,25,25,25,25,25,27.5,27.5,27.5
Latvia,0,0,0,0,0,0,0,9,9,17,17,17,18,21,21,21,19,20,20,22,20,23,23,23,18,18,18,16,16
Lebanon,0,0,0,0,0,0,0,2.3,2.3,2.3,2.3,2.3,2.3,2.3,2.3,4.7,4.7,4.7,4.7,3.1,3.1,3.1,3.1,3.1,3.1,3.1,3.1,3.1,4.7
Lesotho,0,0,0,0,0,0,0,4.6,3.8,3.8,3.8,3.8,0,11.7,11.7,11.7,11.7,23.5,25,24.2,24.2,24.2,26.7,26.7,26.7,25,25,22.9,22.1
Liberia,0,0,0,0,0,0,0,0,0,0,7.8,7.8,7.8,7.8,5.3,12.5,12.5,12.5,12.5,12.5,12.5,9.6,11,11,11,11,11,12.3,12.3
Libya,0,0,0,0,0,0,0,0,0,0,0,0,0,0,0,4.7,7.7,7.7,7.7,7.7,7.7,0,16.5,16.5,16,16,16,16,16
Liechtenstein,4,0,0,0,0,0,0,4,4,4,4,12,12,12,12,24,24,24,24,24,24,24,24,20,20,20,20,12,12
Lithuania,0,0,0,0,0,0,0,17.5,17.5,17.5,10.6,10.6,10.6,10.6,22,22,24.8,22.7,17.7,19.1,19.1,19.1,24.5,24.1,24.1,23.4,21.3,21.3,21.3
Luxembourg,13.3,0,0,0,0,0,0,20,20,16.7,16.7,16.7,16.7,16.7,23.3,23.3,23.3,23.3,23.3,20,20,25,21.7,23.3,28.3,28.3,28.3,28.3,28.3
Madagascar,6.5,0,0,0,0,0,0,3.7,0,8,8,8,0,3.8,6.9,6.9,6.9,7.9,7.9,0,12.5,12.5,17.5,17.5,20.5,20.5,20.5,19.2,19.2
Malawi,9.8,0,0,0,0,0,0,5.6,5.6,8.3,9.3,9.3,9.3,9.3,14,13.6,13.6,13,13,20.8,20.8,22.3,22.3,22.3,16.7,16.7,16.7,16.7,16.7
Malaysia,5.1,0,0,0,0,0,0,7.8,7.8,0,10.4,10.4,10.4,10.5,9.1,9.1,9.1,10,10.8,9.9,9.9,10.4,10.4,10.4,10.4,10.4,10.4,10.4,13.9
Maldives,6.3,0,0,0,0,0,0,6.3,6.3,0,6,6,6,6,6,12,12,12,12,6.5,6.5,6.5,6.5,6.5,5.9,5.9,5.9,5.9,5.9
Mali,0,0,0,0,0,0,0,12.2,12.2,12.2,12.2,12.2,10.2,10.2,10.2,10.2,10.2,10.2,10.2,10.2,10.2,10.2,10.2,10.2,9.5,8.8,8.8,8.8,8.8
Malta,2.9,0,0,0,0,0,0,5.8,5.8,9.2,9.2,9.2,9.2,7.7,9.2,9.2,9.2,9.2,8.7,8.7,8.7,8.7,8.7,14.3,14.3,12.9,12.9,11.9,11.9
Marshall Islands,0,0,0,0,0,0,0,0,0,0,3,3,3,3,3,3,3,3,3,3,3,3,3,3,3,9.1,9.1,9.1,9.1
Mauritania,0,0,0,0,0,0,0,1.3,3.8,3.8,3.8,0,0,3.7,3.7,0,17.9,22.1,22.1,22.1,22.1,22.1,22.1,22.1,25.2,25.2,25.2,25.2,20.3
Mauritius,7.1,0,0,0,0,0,0,7.6,7.6,7.6,5.7,5.7,5.7,5.7,5.7,17.1,17.1,17.1,17.1,17.1,18.8,18.8,18.8,18.8,18.8,11.6,11.6,11.6,11.6
Mexico,12,0,0,0,0,0,0,14.2,17.4,18.2,16,16,16,22.6,22.6,24.2,22.6,23.2,23.2,27.6,26.2,26.2,36.8,36.8,37.4,42.4,42.4,42.6,48.2
"Micronesia, Fed. Sts.",0,0,0,0,0,0,0,0,0,0,0,0,0,0,0,0,0,0,0,0,0,0,0,0,0,0,0,0,0
Moldova,0,0,0,0,0,0,0,4.8,0,8.9,7.9,12.9,12.9,12.9,15.8,21.8,21.8,21.8,21.8,23.8,18.8,19.8,19.8,19.8,17.8,21.8,21.8,22.8,22.8
Monaco,11.1,0,0,0,0,0,0,5.6,22.2,22.2,22.2,22.2,22.2,20.8,20.8,20.8,20.8,20.8,25,26.1,26.1,19,19,20.8,20.8,20.8,20.8,20.8,33.3
Mongolia,24.9,0,0,0,0,0,0,7.9,7.9,7.9,10.5,10.5,10.5,10.5,6.8,6.7,6.6,6.6,4.2,3.9,3.9,3.9,14.9,14.9,14.9,14.5,17.1,17.1,17.1
Montenegro,0,0,0,0,0,0,0,0,0,0,0,0,0,0,0,0,8.6,11.1,11.1,11.1,11.1,12.3,17.3,16,17.3,17.3,23.5,23.5,23.5
Morocco,0,0,0,0,0,0,0,0.6,0.6,0.6,0.6,0.6,10.8,10.8,10.8,10.8,10.8,10.5,10.5,10.5,10.5,17,17,17,17,17,20.5,20.5,20.5
Mozambique,15.7,0,0,0,0,0,0,25.2,25.2,0,30,30,30,30,34.8,34.8,34.8,34.8,34.8,39.2,39.2,39.2,39.2,39.2,0,39.6,39.6,39.6,39.6
Myanmar,0,0,0,0,0,0,0,0,0,0,0,0,0,0,0,0,0,0,0,0,4.3,3.5,6,6,5.6,12.7,9.9,10.2,10.2
Namibia,6.9,0,0,0,0,0,0,22.2,22.2,22.2,25,25,25,26.4,25,26.9,26.9,26.9,26.9,26.9,24.4,24.4,24.4,24.4,0,41.3,41.3,41.3,46.2
Nauru,5.6,0,0,0,0,0,0,0,0,0,0,0,0,0,0,0,0,0,0,0,0,0,0,5.3,5.3,5.3,5.3,10.5,10.5
Nepal,6.1,0,0,0,0,0,0,3.4,3.4,5.9,5.9,5.9,5.9,5.9,5.9,5.9,5.9,17.3,33.2,33.2,33.2,33.2,33.2,33.2,29.5,29.5,29.6,29.6,32.7
Netherlands,21.3,0,0,0,0,0,0,31.3,36,36,36,36,34,36.7,36.7,36.7,36.7,39.3,41.3,42,40.7,40.7,38.7,38.7,38.7,37.3,37.3,36,36
New Zealand,14.4,0,0,0,0,0,0,29.2,29.2,29.2,30.8,30.8,29.2,28.3,28.3,32.2,32.2,33.1,33.6,33.6,33.6,32.2,32.2,32.2,29.8,31.4,31.4,34.2,38.3
Nicaragua,14.8,0,0,0,0,0,0,10.8,10.8,9.7,9.7,0,20.7,20.7,20.7,20.7,15.2,18.5,18.5,20.7,20.7,40.2,40.2,40.2,42.4,41.3,41.3,45.7,45.7
Niger,5.4,0,0,0,0,0,0,1.2,1.2,0,1.2,1.2,1.2,1.2,12.4,12.4,12.4,12.4,12.4,9.7,0,13.3,13.3,13.3,13.3,13.3,14.6,17,17
Nigeria,0,0,0,0,0,0,0,0,0,0,3.4,3.4,3.4,4.9,4.7,6.4,6.1,7,7,7,7,6.8,6.7,6.7,6.7,5.6,5.6,5.6,5.6
North Korea,21.1,0,0,0,0,0,0,20.1,20.1,20.1,20.1,20.1,20.1,0,20.1,20.1,20.1,20.1,20.1,15.6,15.6,15.6,15.6,15.6,16.3,16.3,16.3,16.3,16.3
Norway,35.8,0,0,0,0,0,0,36.4,36.4,36.4,36.4,35.8,36.4,36.4,38.2,37.9,37.9,36.1,36.1,39.6,39.6,39.6,39.6,39.6,39.6,39.6,39.6,39.6,41.4
Oman,0,0,0,0,0,0,0,0,0,0,0,0,0,0,2.4,2.4,2.4,0,0,0,0,1.2,1.2,1.2,1.2,1.2,1.2,1.2,1.2
Pakistan,10.1,0,0,0,0,0,0,2.3,2.3,0,0,0,21.1,21.6,21.3,21.3,21.3,21.1,22.5,22.2,22.2,22.5,22.5,20.7,20.7,20.6,20.6,20.6,20.6
Palau,0,0,0,0,0,0,0,0,0,0,0,0,0,0,0,0,0,0,0,0,0,0,0,0,0,0,0,12.5,12.5
Panama,7.5,0,0,0,0,0,0,9.7,9.7,0,9.9,9.9,9.9,9.9,16.7,16.7,16.7,16.7,16.7,8.5,8.5,8.5,8.5,8.5,19.3,18.3,18.3,18.3,18.3
Papua New Guinea,0,0,0,0,0,0,0,1.8,1.8,1.8,1.8,1.8,0,0.9,0.9,0.9,0.9,0.9,0.9,0.9,0.9,0.9,2.7,2.7,2.7,2.7,2.7,0,0
Paraguay,5.6,0,0,0,0,0,0,2.5,0,2.5,2.5,2.5,2.5,8.8,10,10,10,10,12.5,12.5,12.5,12.5,12.5,17.5,15,15,15,13.8,15
Peru,5.6,0,0,0,0,0,0,10.8,10.8,10.8,0,17.5,17.5,17.5,18.3,18.3,29.2,29.2,29.2,27.5,27.5,21.5,21.5,21.5,22.3,22.3,27.7,27.7,27.7
Philippines,9.1,0,0,0,0,0,0,11.1,12.4,12.4,11.3,17.8,17.8,17.8,15.3,15.3,15.3,20.5,20.5,21,22.1,22.9,22.9,27.1,27.3,27.2,29.8,29.5,29.5
Poland,13.5,0,0,0,0,0,0,13,13,13,13,20.2,20.2,20.2,20.2,20.4,20.4,20.4,20.2,20,20,23.7,23.7,23.7,24.3,27.4,27.4,28,28
Portugal,7.6,0,0,0,0,0,0,13,13,18.7,17.4,18.7,19.1,19.1,19.1,21.3,21.3,28.3,28.3,27.4,27.4,28.7,28.7,28.7,31.3,34.8,34.8,34.8,34.8
Qatar,0,0,0,0,0,0,0,0,0,0,0,0,0,0,0,0,0,0,0,0,0,0,0,0,0,0,0,0,9.8
Romania,34.4,0,0,0,0,0,0,7.3,7.3,7.3,0,10.7,10.7,10.7,11.4,11.2,11.2,9.4,11.4,11.4,11.4,11.2,13.3,13.3,13.5,13.7,13.7,20.7,20.7
Russia,15.6,0,0,0,0,0,0,10.2,10.2,0,7.7,7.6,7.6,7.6,9.8,9.8,9.8,14,14,14,14,13.6,13.6,13.6,13.6,13.6,12.7,15.8,15.8
Rwanda,17.1,0,0,0,0,0,0,17.1,17.1,17.1,25.7,25.7,25.7,48.8,48.8,48.8,48.8,48.8,56.3,56.3,56.3,56.3,56.3,63.8,63.8,63.8,63.8,61.3,61.3
Samoa,0,0,0,0,0,0,0,4.1,4.1,8.2,8.2,6.1,6.1,6.1,6.1,6.1,6.1,8.2,8.2,8.2,8.2,4.1,4.1,4.1,6.1,6.1,10,10,10
San Marino,11.7,0,0,0,0,0,0,11.7,13.3,13.3,13.3,16.7,16.7,16.7,16.7,16.7,11.7,11.7,15,16.7,16.7,18.3,16.7,18.3,18.3,16.7,16.7,26.7,26.7
Sao Tome and Principe,11.8,0,0,0,0,0,0,7.3,7.3,9.1,9.1,9.1,0,9.1,9.1,9.1,7.3,1.8,7.3,7.3,18.2,18.2,18.2,18.2,18.2,18.2,18.2,18.2,18.2
Saudi Arabia,0,0,0,0,0,0,0,0,0,0,0,0,0,0,0,0,0,0,0,0,0,0,0,19.9,19.9,19.9,19.9,19.9,19.9
Senegal,12.5,0,0,0,0,0,0,11.7,12.1,12.1,12.1,16.7,19.2,19.2,19.2,19.2,19.2,22,22,22.7,22.7,22.7,42.7,42.7,43.3,42.7,42.7,41.8,41.8
Serbia,0,0,0,0,0,0,0,0,0,0,0,0,0,0,0,0,12,20.4,21.6,21.6,21.6,22,33.2,33.2,34,34,34,34.4,34.4
Seychelles,16,0,0,0,0,0,0,27.3,23.5,23.5,23.5,23.5,29.4,29.4,29.4,29.4,29.4,23.5,23.5,23.5,23.5,43.8,43.8,43.8,43.8,43.8,21.2,21.2,21.2
Sierra Leone,0,0,0,0,0,0,0,0,0,8.8,8.8,8.8,0,14.5,14.5,14.5,14.5,13.2,13.2,13.2,13.2,12.9,12.4,12.4,12.1,12.4,12.4,12.4,12.3
Singapore,4.9,0,0,0,0,0,0,4.8,4.8,4.3,4.3,11.8,11.8,16,16,16,21.2,24.5,24.5,23.4,23.4,22.2,24.2,24.2,25.3,23.9,23.8,23,23
Slovak Republic,0,0,0,0,0,0,0,14.7,14.7,12.7,14,14,17.3,19.3,16.7,16.7,20,19.3,19.3,18,15.3,16,18.7,18.7,18.7,18.7,20,20,20
Slovenia,0,0,0,0,0,0,0,7.8,7.8,7.8,0,12.2,12.2,12.2,12.2,12.2,12.2,12.2,13.3,14.4,14.4,32.2,32.2,32.2,35.6,36.7,36.7,36.7,24.4
Solomon Islands,0,0,0,0,0,0,0,0,2,2,2,0,0,0,0,0,0,0,0,0,0,0,2,2,2,2,2,2,4
Somalia,4,0,0,0,0,0,0,0,0,0,0,0,0,0,0,8,7.8,8.2,8.2,6.9,6.8,6.8,13.8,13.8,13.8,13.8,13.8,24.4,24.4
South Africa,2.8,0,0,0,0,0,0,25,28.8,30,29.8,29.8,29.8,29.8,32.8,32.8,32.8,33,33,44.5,44.5,42.3,42.3,42.3,41.5,42,41.8,42,42.3
South Korea,2,0,0,0,0,0,0,3,3.7,3.7,5.9,5.9,5.9,5.9,13,13.4,13.4,14.4,13.7,14.7,14.7,14.7,15.7,15.7,16.3,16.3,17,17,17
South Sudan,0,0,0,0,0,0,0,0,0,0,0,0,0,0,0,0,0,0,0,0,0,26.5,26.5,26.5,26.5,26.5,28.5,28.5,28.5
Spain,14.6,0,0,0,0,0,0,24.7,24.7,21.6,28.3,28.3,28.3,28.3,36,36,36,36.6,36.3,36.6,36.6,36,36,36,39.7,41.1,39.1,39.1,39.1
Sri Lanka,4.9,0,0,0,0,0,0,5.3,5.3,4.9,0,0,4.4,4.4,4.9,4.9,4.9,5.8,5.8,5.8,5.3,5.8,5.8,5.8,5.8,4.9,5.8,5.8,5.8
St. Kitts and Nevis,6.7,0,0,0,0,0,0,13.3,13.3,13.3,13.3,13.3,13.3,13.3,0,0,0,6.7,6.7,6.7,6.7,6.7,6.7,6.7,6.7,13.3,13.3,13.3,13.3
St. Lucia,0,0,0,0,0,0,0,11.8,11.8,11.1,11.1,0,11.1,11.1,11.1,11.1,0,11.1,11.1,11.1,11.1,16.7,16.7,16.7,16.7,16.7,16.7,16.7,16.7
St. Vincent and the Grenadines,9.5,0,0,0,0,0,0,9.5,0,4.8,4.8,0,22.7,22.7,22.7,18.2,18.2,18.2,18.2,21.7,14.3,17.4,17.4,13,13,13,13,13,13
Sudan,0,0,0,0,0,0,0,5.3,5.3,0,0,9.7,9.7,9.7,9.7,14.7,17.8,18.1,18.1,18.9,25.6,24.6,24.6,24.6,24.3,30.5,30.5,30.5,30.5
Suriname,7.8,0,0,0,0,0,0,15.7,15.7,15.7,0,17.6,17.6,17.6,19.6,25.5,25.5,25.5,25.5,25.5,9.8,11.8,11.8,11.8,11.8,25.5,25.5,25.5,25.5
Sweden,38.4,0,0,0,0,0,0,40.4,40.4,42.7,42.7,42.7,45,45.3,45.3,45.3,47.3,47,47,46.4,45,44.7,44.7,44.7,44.7,43.6,43.6,43.6,46.1
Switzerland,14,0,0,0,0,0,0,21,21,22.5,23,23,23,25,25,25,25,28.5,28.5,29,29,28.5,29,29,31,32,32,32.5,32.5
Syria,9.2,0,0,0,0,0,0,9.6,9.6,10.4,10.4,10.4,10.4,12,12,12,12,12,12.4,12.4,12.4,12.4,12,12,12,12.4,13.2,13.2,13.2
Tajikistan,0,0,0,0,0,0,0,2.8,2.8,2.8,15,12.7,12.7,12.7,12.7,17.5,17.5,17.5,17.5,17.5,19,19,19,19,16.9,19,19,19,19
Tanzania,0,0,0,0,0,0,0,17.5,17.5,16.4,0,22.3,22.3,21.4,21.4,30.4,30.4,30.4,30.4,30.7,0,36,36,36,36,36,36.6,36.4,37.2
Thailand,2.8,0,0,0,0,0,0,5.6,5.6,5.6,4.8,9.2,9.2,9.2,8.8,10.6,8.7,11.7,11.7,13.3,13.3,15.8,15.8,15.8,6.1,6.1,6.1,4.8,5.3
Timor-Leste,0,0,0,0,0,0,0,0,0,0,0,0,0,26.1,25.3,25.3,25.3,29.2,29.2,29.2,29.2,32.3,38.5,38.5,38.5,38.5,38.5,32.3,33.8
Togo,5.2,0,0,0,0,0,0,1.2,1.2,0,4.9,4.9,4.9,7.4,6.2,7.4,8.6,11.1,11.1,11.1,11.1,11.1,11.1,15.4,17.6,17.6,17.6,17.6,17.6
Tonga,0,0,0,0,0,0,0,0,0,0,0,0,0,0,0,3.4,3.3,3.3,3.1,3.1,0,3.6,3.6,3.6,0,0,0,3.8,7.4
Trinidad and Tobago,16.7,0,0,0,0,0,0,11.1,11.1,11.1,0,11.1,19.4,19.4,19.4,19.4,19.4,26.8,26.8,26.8,28.6,28.6,28.6,28.6,28.6,31,31,31,31
Tunisia,4.3,0,0,0,0,0,0,6.7,7.4,11.5,11.5,11.5,11.5,11.5,22.8,22.8,22.8,22.8,22.8,27.6,27.6,26.7,26.7,26.7,31.3,31.3,31.3,31.3,31.3
Turkey,1.3,0,0,0,0,0,0,2.4,2.4,4.2,4.2,4.2,0,4.4,4.4,4.4,4.4,9.1,9.1,9.1,9.1,14.2,14.2,14.4,14.4,14.9,14.9,14.6,17.4
Turkmenistan,26,0,0,0,0,0,0,18,18,0,26,26,26,26,0,16,16,16,0,16.8,16.8,16.8,16.8,16.8,26.4,25.8,25.8,25.8,24.8
Tuvalu,7.7,0,0,0,0,0,0,8.3,0,0,0,0,0,0,0,0,0,0,0,0,0,6.7,6.7,6.7,6.7,6.7,6.7,6.7,6.7
Uganda,12.2,0,0,0,0,0,0,18.1,18.1,17.9,17.8,24.7,24.7,24.7,23.9,23.9,29.8,30.7,30.7,31.5,31.3,35,35,35,35,35,33.5,34.3,34.3
Ukraine,0,0,0,0,0,0,0,3.8,0,7.8,7.8,7.8,0,5.3,5.3,5.3,8.7,8.2,8.2,8,8,8,9.4,9.4,11.7,12.1,12,12.3,12.3
United Arab Emirates,0,0,0,0,0,0,0,0,0,0,0,0,0,0,0,0,5,22.5,22.5,22.5,22.5,17.5,17.5,17.5,17.5,22.5,22.5,22.5,22.5
United Kingdom,6.3,0,0,0,0,0,0,18.2,18.2,18.4,18.4,17.9,17.9,17.9,18.1,19.7,19.7,19.5,19.5,19.5,22,22.3,22.5,22.5,22.6,29.4,29.6,32,32.2
United States,6.6,0,0,0,0,0,0,11.7,11.7,13.3,0,14,13.8,14.3,14.9,15.2,16.3,16.8,17,16.8,16.8,16.8,18,17.9,19.3,19.4,19.4,19.4,19.6
Uruguay,6.1,0,0,0,0,0,0,7.1,7.1,12.1,12.1,12.1,12.1,12.1,12.1,11.1,11.1,12.1,12.1,14.1,15.2,12.1,12.1,12.1,16.2,16.2,16.2,20.2,20.2
Uzbekistan,0,0,0,0,0,0,0,6,6,0,7.2,7.2,7.2,7.2,17.5,17.5,17.5,17.5,17.5,22,22,22,22,22,22,16,16,16,16
Vanuatu,4.3,0,0,0,0,0,0,0,0,0,0,0,1.9,1.9,3.8,3.8,3.8,3.8,3.8,3.8,3.8,1.9,0,0,0,0,0,0,0
Venezuela,10,0,0,0,0,0,0,5.9,5.9,12.1,0,9.7,9.7,9.7,9.7,17.4,18,18.6,18.6,17.5,17,17,17,17,17,17,14.4,22.2,22.2
Vietnam,17.7,0,0,0,0,0,0,26.2,26.2,26,26,26,27.3,27.3,27.3,27.3,27.3,25.8,25.8,25.8,25.8,24.4,24.4,24.4,24.3,24.3,26.7,26.7,26.7
Yemen,4.1,0,0,0,0,0,0,0,0.7,0.7,0.7,0.7,0.7,0.3,0.3,0.3,0.3,0.3,0.3,0.3,0.3,0.3,0.3,0.3,0.3,0,0,0,0
Zambia,6.6,0,0,0,0,0,0,9.7,10.3,10.1,10.1,10.1,12,12,12,12.7,14.6,15.2,15.2,14,14,11.5,11.5,11.5,10.8,12.7,18,18,18
Zimbabwe,11,0,0,0,0,0,0,14.7,14.7,14,9.3,10,10,10,10,16,16.7,16,15.2,15,15,15,15,31.5,31.5,31.5,31.5,32.6,31.5
